stop_id,stop_lat,stop_lon
1,48.58789710,007.55102356
2,48.58609902,007.55111154
3,48.58795680,007.55373232
4,48.58615872,007.55382021
5,48.58436064,007.55390809
6,48.58801643,007.55644110
7,48.58621835,007.55652889
8,48.58442027,007.55661667
9,48.58807600,007.55914988
10,48.56163739,007.58483060
11,48.55983926,007.58491730
12,48.56169626,007.58753798
13,48.55989813,007.58762458
14,48.56175506,007.59024537
15,48.55995693,007.59033187
16,48.56001567,007.59303917
17,48.55821753,007.59312557
18,48.57991240,007.59750499
19,48.58176909,007.60012717
20,48.57997096,007.60021337
21,48.57817283,007.60029957
22,48.50444836,007.60382685
23,48.50265017,007.60391272
24,48.58002946,007.60292176
25,48.57823133,007.60300786
26,48.57643320,007.60309395
27,48.50630494,007.60644539
28,48.50450675,007.60653117
29,48.58008789,007.60563015
30,48.50816147,007.60906412
31,48.50636328,007.60914981
32,48.50456508,007.60923549
33,48.58014626,007.60833855
34,48.55497224,007.60954050
35,48.51181612,007.61159743
36,48.50642154,007.61185423
37,48.50462335,007.61193982
38,48.58200269,007.61096114
39,48.58020455,007.61104696
40,48.56042497,007.61199041
41,48.55862681,007.61207613
42,48.55682866,007.61216184
43,48.56228133,007.61461212
44,48.56048317,007.61469775
45,48.55868502,007.61478338
46,48.55688686,007.61486899
47,48.55149238,007.61512580
48,48.56233947,007.61731957
49,48.56054132,007.61740510
50,48.55874316,007.61749063
51,48.55514684,007.61766166
52,48.55520491,007.62036872
53,48.54621407,007.62079568
54,48.58223524,007.62179521
55,48.57684080,007.62205147
56,48.58409136,007.62441840
57,48.58229321,007.62450374
58,48.58049506,007.62458907
59,48.57869692,007.62467439
60,48.57689876,007.62475971
61,48.58414927,007.62712704
62,48.58235112,007.62721228
63,48.58055297,007.62729751
64,48.57875482,007.62738273
65,48.57695666,007.62746795
66,48.58420711,007.62983568
67,48.58240896,007.62992082
68,48.58061081,007.63000595
69,48.57701450,007.63017620
70,48.53385833,007.63221675
71,48.53206014,007.63230168
72,48.53026195,007.63238660
73,48.58246673,007.63262937
74,48.56268695,007.63356436
75,48.56088878,007.63364931
76,48.55909061,007.63373426
77,48.55729243,007.63381920
78,48.55549426,007.63390413
79,48.53571424,007.63483784
80,48.53391604,007.63492268
81,48.53211785,007.63500751
82,48.53031965,007.63509233
83,48.58252444,007.63533792
84,48.58072628,007.63542286
85,48.56274463,007.63627184
86,48.56094646,007.63635670
87,48.55914828,007.63644155
88,48.55735011,007.63652639
89,48.55555193,007.63661122
90,48.53577188,007.63754387
91,48.53397369,007.63762861
92,48.53217549,007.63771335
93,48.58258208,007.63804648
94,48.56280225,007.63897934
95,48.56100407,007.63906410
96,48.55920589,007.63914885
97,48.55740772,007.63923359
98,48.55560954,007.63931832
99,48.53582946,007.64024991
100,48.53403126,007.64033455
101,48.51604921,007.64118057
102,48.51425100,007.64126512
103,48.51245278,007.64134968
104,48.51065457,007.64143422
105,48.56285980,007.64168683
106,48.56106162,007.64177150
107,48.55926344,007.64185615
108,48.55746526,007.64194080
109,48.55566708,007.64202543
110,48.53768517,007.64287140
111,48.53588698,007.64295595
112,48.53408878,007.64304050
113,48.51790491,007.64380107
114,48.51610670,007.64388554
115,48.51430848,007.64397001
116,48.51251027,007.64405446
117,48.55932092,007.64456346
118,48.55752274,007.64464801
119,48.54133902,007.64540861
120,48.53774262,007.64557754
121,48.51976055,007.64642177
122,48.51796234,007.64650615
123,48.51616412,007.64659053
124,48.51436590,007.64667489
125,48.51256768,007.64675925
126,48.51076946,007.64684360
127,48.58994727,007.64583390
128,48.58814911,007.64591849
129,48.58635094,007.64600306
130,48.58455278,007.64608763
131,48.58275461,007.64617219
132,48.56117652,007.64718631
133,48.55937833,007.64727077
134,48.55758015,007.64735522
135,48.54139641,007.64811495
136,48.53959821,007.64819933
137,48.51801970,007.64921124
138,48.51622148,007.64929551
139,48.51442326,007.64937978
140,48.51262504,007.64946404
141,48.51082681,007.64954830
142,48.50363390,007.64988523
143,48.60978436,007.64761302
144,48.60798621,007.64769759
145,48.58820649,007.64862736
146,48.58640833,007.64871184
147,48.58461016,007.64879631
148,48.58281199,007.64888077
149,48.56123386,007.64989373
150,48.55763749,007.65006245
151,48.54505013,007.65065272
152,48.54325193,007.65073702
153,48.54145373,007.65082130
154,48.53965553,007.65090558
155,48.51987521,007.65183214
156,48.51807699,007.65191633
157,48.51627877,007.65200051
158,48.51448054,007.65208468
159,48.51088410,007.65225300
160,48.48930527,007.65326228
161,48.60984170,007.65032307
162,48.60804355,007.65040754
163,48.58826381,007.65133624
164,48.58646564,007.65142062
165,48.58466747,007.65150499
166,48.56308934,007.65251688
167,48.56129115,007.65260115
168,48.55949296,007.65268542
169,48.55769477,007.65276968
170,48.54690560,007.65327507
171,48.54510740,007.65335927
172,48.53971279,007.65361184
173,48.51993244,007.65453734
174,48.51813422,007.65462143
175,48.51633599,007.65470551
176,48.51453777,007.65478958
177,48.60989899,007.65303312
178,48.58832106,007.65404512
179,48.58652289,007.65412941
180,48.58472472,007.65421368
181,48.58292655,007.65429795
182,48.56134837,007.65530858
183,48.55955017,007.65539275
184,48.55775198,007.65547691
185,48.54516459,007.65606583
186,48.54336639,007.65614993
187,48.51459492,007.65749449
188,48.58658008,007.65683820
189,48.56500190,007.65784785
190,48.56320371,007.65793193
191,48.56140552,007.65801601
192,48.54342352,007.65885639
193,48.54162531,007.65894039
194,48.51465201,007.66019940
195,48.49127489,007.66128917
196,48.48947664,007.66137294
197,48.48767839,007.66145671
198,48.48588014,007.66154047
199,48.49313014,007.66390914
200,48.49133189,007.66399283
201,48.48953363,007.66407651
202,48.48773538,007.66416018
203,48.48593712,007.66424384
204,48.59029060,007.66208781
205,48.58849242,007.66217181
206,48.58669425,007.66225580
207,48.58489607,007.66233979
208,48.57950153,007.66259170
209,48.49498532,007.66652931
210,48.49318707,007.66661291
211,48.49138881,007.66669650
212,48.48959056,007.66678008
213,48.48779230,007.66686365
214,48.59394394,007.66462899
215,48.59214577,007.66471291
216,48.59034759,007.66479682
217,48.58854941,007.66488072
218,48.58675123,007.66496462
219,48.58495305,007.66504850
220,48.58315487,007.66513238
221,48.58135669,007.66521625
222,48.57955850,007.66530012
223,48.49324393,007.66931668
224,48.49144567,007.66940017
225,48.48964742,007.66948365
226,48.59220269,007.66742201
227,48.59040451,007.66750583
228,48.58860634,007.66758963
229,48.58680815,007.66767343
230,48.58500997,007.66775722
231,48.58321179,007.66784100
232,48.51847619,007.67085212
233,48.49509899,007.67193705
234,48.49330073,007.67202045
235,48.48970421,007.67218724
236,48.59046137,007.67021484
237,48.58866319,007.67029855
238,48.58686501,007.67038225
239,48.58506682,007.67046594
240,48.55090103,007.67205468
241,48.48976094,007.67489082
242,48.48796268,007.67497411
243,48.58692180,007.67309108
244,48.58512361,007.67317468
245,48.58332542,007.67325826
246,48.55994883,007.67434423
247,48.55635241,007.67451118
248,48.55275599,007.67467811
249,48.53477377,007.67551229
250,48.49161586,007.67751122
251,48.48981760,007.67759442
252,48.48801933,007.67767761
253,48.59956581,007.67521520
254,48.59776763,007.67529876
255,48.58518033,007.67588341
256,48.56360194,007.67688481
257,48.56180373,007.67696821
258,48.56000552,007.67705160
259,48.55820731,007.67713499
260,48.55640909,007.67721836
261,48.55461088,007.67730173
262,48.55281266,007.67738510
263,48.55101445,007.67746845
264,48.54921623,007.67755180
265,48.54741801,007.67763514
266,48.53662866,007.67813502
267,48.53483042,007.67821831
268,48.53303219,007.67830159
269,48.52404101,007.67871787
270,48.52224277,007.67880110
271,48.51864629,007.67896755
272,48.51684804,007.67905076
273,48.51504980,007.67913396
274,48.49347073,007.68013181
275,48.49167246,007.68021492
276,48.48987420,007.68029802
277,48.48807593,007.68038111
278,48.61041154,007.67742383
279,48.60861337,007.67750733
280,48.58883336,007.67842534
281,48.58703517,007.67850875
282,48.58523698,007.67859215
283,48.58343879,007.67867555
284,48.56365856,007.67959238
285,48.56186035,007.67967569
286,48.56006214,007.67975898
287,48.55826392,007.67984227
288,48.55646571,007.67992555
289,48.55466749,007.68000882
290,48.55286927,007.68009209
291,48.55107105,007.68017535
292,48.54927283,007.68025860
293,48.54747461,007.68034184
294,48.54567639,007.68042508
295,48.53848348,007.68075794
296,48.53668525,007.68084114
297,48.53488701,007.68092433
298,48.53308878,007.68100751
299,48.53129054,007.68109069
300,48.52949231,007.68117385
301,48.52769407,007.68125701
302,48.52589583,007.68134017
303,48.52409759,007.68142331
304,48.52229934,007.68150645
305,48.52050110,007.68158958
306,48.51870285,007.68167270
307,48.51690461,007.68175581
308,48.51510636,007.68183892
309,48.49352726,007.68283561
310,48.49172899,007.68291862
311,48.48993073,007.68300162
312,48.60866999,007.68021734
313,48.60687181,007.68030074
314,48.60507363,007.68038413
315,48.60147727,007.68055088
316,48.59068815,007.68105096
317,48.58888996,007.68113428
318,48.58709176,007.68121759
319,48.58529357,007.68130090
320,48.58349537,007.68138419
321,48.56371512,007.68229996
322,48.56191691,007.68238317
323,48.56011869,007.68246637
324,48.55832048,007.68254956
325,48.55652226,007.68263275
326,48.55472404,007.68271592
327,48.55292582,007.68279909
328,48.55112760,007.68288225
329,48.54932937,007.68296540
330,48.54753115,007.68304855
331,48.54573292,007.68313169
332,48.54213647,007.68329794
333,48.53854000,007.68346417
334,48.53674177,007.68354727
335,48.53494354,007.68363036
336,48.53314530,007.68371345
337,48.53134706,007.68379652
338,48.52954882,007.68387959
339,48.52415409,007.68412876
340,48.52235585,007.68421180
341,48.52055760,007.68429483
342,48.51875936,007.68437786
343,48.49718027,007.68537357
344,48.49538200,007.68545650
345,48.49358373,007.68553942
346,48.49178546,007.68562233
347,48.48998719,007.68570523
348,48.61412107,007.68267742
349,48.61052472,007.68284405
350,48.60872654,007.68292736
351,48.60692836,007.68301066
352,48.60513018,007.68309395
353,48.60333200,007.68317723
354,48.59613925,007.68351029
355,48.59434106,007.68359354
356,48.59254287,007.68367677
357,48.59074468,007.68376000
358,48.58894648,007.68384323
359,48.58714829,007.68392644
360,48.58535009,007.68400965
361,48.58355189,007.68409285
362,48.58175369,007.68417604
363,48.57995549,007.68425923
364,48.57815729,007.68434240
365,48.57635908,007.68442558
366,48.56556983,007.68492444
367,48.56377162,007.68500755
368,48.56197340,007.68509066
369,48.56017518,007.68517376
370,48.55837696,007.68525686
371,48.55657874,007.68533994
372,48.55478052,007.68542302
373,48.55298230,007.68550610
374,48.55118408,007.68558916
375,48.54938585,007.68567222
376,48.54758762,007.68575527
377,48.54219293,007.68600437
378,48.53859647,007.68617040
379,48.53679823,007.68625340
380,48.53499999,007.68633640
381,48.53320175,007.68641938
382,48.53140351,007.68650236
383,48.52241229,007.68691716
384,48.52061404,007.68700009
385,48.51881579,007.68708302
386,48.51521929,007.68724885
387,48.49903494,007.68799473
388,48.49723667,007.68807757
389,48.49543840,007.68816040
390,48.49184186,007.68832604
391,48.49004359,007.68840885
392,48.48824531,007.68849165
393,48.48644704,007.68857444
394,48.61417756,007.68538773
395,48.61237939,007.68547095
396,48.61058121,007.68555417
397,48.60878303,007.68563738
398,48.60698485,007.68572058
399,48.60518666,007.68580378
400,48.60338848,007.68588696
401,48.59619572,007.68621963
402,48.59439753,007.68630278
403,48.59259934,007.68638592
404,48.59080114,007.68646905
405,48.58900294,007.68655218
406,48.58720475,007.68663530
407,48.58540655,007.68671841
408,48.58360835,007.68680151
409,48.58181014,007.68688461
410,48.58001194,007.68696769
411,48.57821374,007.68705077
412,48.57641553,007.68713385
413,48.57461732,007.68721691
414,48.56742447,007.68754910
415,48.56562626,007.68763212
416,48.56382804,007.68771514
417,48.56202983,007.68779816
418,48.56023161,007.68788116
419,48.55843338,007.68796416
420,48.55663516,007.68804715
421,48.55483694,007.68813013
422,48.55303871,007.68821311
423,48.55124049,007.68829607
424,48.54944226,007.68837903
425,48.54764403,007.68846198
426,48.53325814,007.68912533
427,48.53145990,007.68920821
428,48.52966165,007.68929109
429,48.52426691,007.68953967
430,48.52246866,007.68962252
431,48.52067041,007.68970536
432,48.50088955,007.69061609
433,48.49909128,007.69069884
434,48.49549474,007.69086431
435,48.49189819,007.69102976
436,48.49009992,007.69111247
437,48.48830164,007.69119517
438,48.48650336,007.69127787
439,48.64839915,007.68651720
440,48.61603217,007.68801491
441,48.61423399,007.68809805
442,48.61243581,007.68818117
443,48.61063763,007.68826429
444,48.60883945,007.68834741
445,48.60704126,007.68843051
446,48.60524308,007.68851361
447,48.60344489,007.68859670
448,48.59805032,007.68884592
449,48.59625213,007.68892898
450,48.59445393,007.68901203
451,48.59265573,007.68909507
452,48.59085754,007.68917811
453,48.58905934,007.68926114
454,48.58726114,007.68934416
455,48.58366473,007.68951018
456,48.58186653,007.68959317
457,48.58006832,007.68967617
458,48.57827012,007.68975915
459,48.57647191,007.68984212
460,48.57467370,007.68992509
461,48.57287549,007.69000805
462,48.56748084,007.69025689
463,48.56568262,007.69033982
464,48.56388440,007.69042274
465,48.56208618,007.69050566
466,48.56028796,007.69058857
467,48.55848974,007.69067147
468,48.55669151,007.69075436
469,48.55489329,007.69083724
470,48.55309506,007.69092012
471,48.55129683,007.69100299
472,48.53511271,007.69174848
473,48.53331446,007.69183128
474,48.52432322,007.69224514
475,48.52252497,007.69232789
476,48.50094583,007.69332030
477,48.49914756,007.69340295
478,48.49555102,007.69356823
479,48.49375274,007.69365086
480,48.49195446,007.69373348
481,48.49015619,007.69381610
482,48.48835791,007.69389870
483,48.48655962,007.69398130
484,48.65025371,007.68914619
485,48.64845555,007.68922937
486,48.61608853,007.69072534
487,48.61429035,007.69080837
488,48.61249217,007.69089140
489,48.61069399,007.69097443
490,48.60889580,007.69105744
491,48.60709761,007.69114045
492,48.60529943,007.69122345
493,48.60350124,007.69130644
494,48.59990485,007.69147240
495,48.59810666,007.69155537
496,48.59630846,007.69163833
497,48.59451027,007.69172128
498,48.59271207,007.69180423
499,48.58911567,007.69197010
500,48.58731746,007.69205302
501,48.58551926,007.69213594
502,48.58192285,007.69230175
503,48.58012464,007.69238464
504,48.57832643,007.69246753
505,48.57652822,007.69255041
506,48.57473001,007.69263328
507,48.57293179,007.69271614
508,48.56933536,007.69288185
509,48.56753714,007.69296469
510,48.56573892,007.69304752
511,48.56394070,007.69313035
512,48.56214248,007.69321317
513,48.56034425,007.69329598
514,48.55854603,007.69337878
515,48.55674780,007.69346157
516,48.55494957,007.69354436
517,48.55315134,007.69362714
518,48.54056369,007.69420640
519,48.53876545,007.69428912
520,48.53696721,007.69437183
521,48.53516896,007.69445453
522,48.53337072,007.69453723
523,48.52437947,007.69495061
524,48.52258121,007.69503326
525,48.50459859,007.69585938
526,48.50280032,007.69594195
527,48.50100205,007.69602451
528,48.49380895,007.69635468
529,48.49201067,007.69643721
530,48.49021239,007.69651973
531,48.48841410,007.69660224
532,48.68267662,007.69036167
533,48.68087849,007.69044489
534,48.65031005,007.69185847
535,48.64851189,007.69194155
536,48.62693390,007.69293797
537,48.61794301,007.69335282
538,48.61614483,007.69343576
539,48.61434665,007.69351870
540,48.61254846,007.69360164
541,48.61075028,007.69368456
542,48.60355752,007.69401618
543,48.60175932,007.69409907
544,48.59996113,007.69418195
545,48.59816293,007.69426482
546,48.59636473,007.69434769
547,48.59456654,007.69443054
548,48.59276833,007.69451339
549,48.59097013,007.69459623
550,48.58917193,007.69467907
551,48.58737372,007.69476189
552,48.58557552,007.69484471
553,48.58377731,007.69492753
554,48.58197910,007.69501033
555,48.58018089,007.69509313
556,48.57838268,007.69517591
557,48.57658446,007.69525870
558,48.56939160,007.69558975
559,48.56759338,007.69567249
560,48.56579515,007.69575523
561,48.56399693,007.69583796
562,48.56219870,007.69592068
563,48.56040048,007.69600339
564,48.55860225,007.69608610
565,48.55680402,007.69616880
566,48.53702340,007.69707798
567,48.53522516,007.69716059
568,48.53342691,007.69724319
569,48.52263739,007.69773864
570,48.51184782,007.69823382
571,48.51004955,007.69831632
572,48.50645301,007.69848131
573,48.50465474,007.69856379
574,48.50285647,007.69864626
575,48.49386508,007.69905852
576,48.49206680,007.69914094
577,48.49026852,007.69922337
578,48.48847024,007.69930578
579,48.48667195,007.69938819
580,48.68453107,007.69299258
581,48.68273294,007.69307571
582,48.68093481,007.69315883
583,48.67913667,007.69324195
584,48.65216448,007.69448776
585,48.65036632,007.69457075
586,48.64856816,007.69465374
587,48.61620106,007.69614620
588,48.61260469,007.69631187
589,48.61080650,007.69639470
590,48.60181554,007.69680872
591,48.60001734,007.69689151
592,48.59821914,007.69697428
593,48.59642094,007.69705705
594,48.59462274,007.69713981
595,48.59282454,007.69722256
596,48.59102633,007.69730531
597,48.58922812,007.69738804
598,48.58742992,007.69747077
599,48.58563171,007.69755349
600,48.58383350,007.69763621
601,48.58203529,007.69771892
602,48.58023707,007.69780161
603,48.57843886,007.69788431
604,48.57664064,007.69796699
605,48.56944777,007.69829765
606,48.56764954,007.69838030
607,48.56585132,007.69846294
608,48.56405309,007.69854557
609,48.56225487,007.69862820
610,48.56045664,007.69871081
611,48.55865841,007.69879342
612,48.54966723,007.69920635
613,48.53707953,007.69978414
614,48.52988653,007.70011414
615,48.51729871,007.70069136
616,48.50650910,007.70118582
617,48.50471083,007.70126820
618,48.49032459,007.70192701
619,48.48852630,007.70200933
620,48.48672801,007.70209163
621,48.47593825,007.70258533
622,48.68458732,007.69570672
623,48.68278919,007.69578976
624,48.68099105,007.69587278
625,48.67919292,007.69595580
626,48.65401885,007.69711724
627,48.65222069,007.69720015
628,48.65042253,007.69728304
629,48.64862437,007.69736593
630,48.62344997,007.69852558
631,48.60366988,007.69943569
632,48.60187168,007.69951839
633,48.60007348,007.69960107
634,48.59827528,007.69968375
635,48.59647708,007.69976642
636,48.59467888,007.69984908
637,48.59288067,007.69993174
638,48.59108246,007.70001438
639,48.58928425,007.70009702
640,48.58748605,007.70017965
641,48.58568783,007.70026228
642,48.58388962,007.70034490
643,48.58209141,007.70042751
644,48.58029319,007.70051011
645,48.57849498,007.70059270
646,48.57669676,007.70067529
647,48.57130209,007.70092301
648,48.56950387,007.70100556
649,48.56770565,007.70108811
650,48.56590742,007.70117066
651,48.56410919,007.70125319
652,48.56231096,007.70133572
653,48.54972331,007.70191320
654,48.53353909,007.70265513
655,48.52454781,007.70306705
656,48.52274954,007.70314942
657,48.52095128,007.70323177
658,48.51555648,007.70347879
659,48.51375822,007.70356111
660,48.51195995,007.70364343
661,48.48858230,007.70471288
662,48.47779254,007.70520604
663,48.47599424,007.70528821
664,48.68644165,007.69833793
665,48.68464351,007.69842087
666,48.68284538,007.69850381
667,48.68104724,007.69858673
668,48.67924910,007.69866965
669,48.65587316,007.69974692
670,48.65407500,007.69982973
671,48.65227684,007.69991254
672,48.65047867,007.69999534
673,48.64868051,007.70007813
674,48.62530426,007.70115373
675,48.62350607,007.70123641
676,48.60372596,007.70214546
677,48.60192776,007.70222805
678,48.60012956,007.70231064
679,48.59833136,007.70239322
680,48.59653315,007.70247579
681,48.59473495,007.70255836
682,48.59293674,007.70264091
683,48.59113853,007.70272347
684,48.58934032,007.70280601
685,48.58754211,007.70288854
686,48.58394568,007.70305359
687,48.58214746,007.70313610
688,48.58034925,007.70321861
689,48.57855103,007.70330111
690,48.57675281,007.70338360
691,48.57135814,007.70363102
692,48.56955991,007.70371348
693,48.56776168,007.70379593
694,48.56236699,007.70404325
695,48.56056876,007.70412567
696,48.54977933,007.70462005
697,48.54798108,007.70470242
698,48.54618284,007.70478478
699,48.54438459,007.70486714
700,48.54258634,007.70494948
701,48.54078809,007.70503182
702,48.53898984,007.70511416
703,48.53719159,007.70519648
704,48.53539334,007.70527880
705,48.53359508,007.70536111
706,48.52999857,007.70552571
707,48.52460379,007.70577255
708,48.52280552,007.70585481
709,48.52100726,007.70593707
710,48.51920899,007.70601932
711,48.51741072,007.70610156
712,48.51561245,007.70618380
713,48.51381418,007.70626603
714,48.51201591,007.70634825
715,48.51021764,007.70643046
716,48.48863824,007.70741643
717,48.47964676,007.70782694
718,48.47784846,007.70790902
719,48.47605016,007.70799109
720,48.68649777,007.70105218
721,48.67211263,007.70171472
722,48.66671818,007.70196306
723,48.65592924,007.70245951
724,48.65413108,007.70254223
725,48.65233292,007.70262494
726,48.64693842,007.70287302
727,48.62715849,007.70378207
728,48.62536030,007.70386466
729,48.62356212,007.70394725
730,48.62176393,007.70402983
731,48.61097478,007.70452516
732,48.60917658,007.70460768
733,48.60198378,007.70493772
734,48.60018557,007.70502021
735,48.59838737,007.70510270
736,48.59658916,007.70518517
737,48.59479095,007.70526764
738,48.59299274,007.70535010
739,48.59119453,007.70543255
740,48.58939632,007.70551500
741,48.58759810,007.70559744
742,48.58579989,007.70567987
743,48.58400167,007.70576229
744,48.58220345,007.70584471
745,48.58040523,007.70592711
746,48.57860701,007.70600951
747,48.57680879,007.70609191
748,48.57501056,007.70617429
749,48.56781765,007.70650376
750,48.56601942,007.70658611
751,48.56422119,007.70666845
752,48.56242295,007.70675078
753,48.56062472,007.70683311
754,48.55882648,007.70691543
755,48.55702824,007.70699774
756,48.55523000,007.70708004
757,48.54983527,007.70732690
758,48.54803703,007.70740918
759,48.54623878,007.70749144
760,48.54444053,007.70757370
761,48.54264228,007.70765595
762,48.54084403,007.70773819
763,48.53904578,007.70782043
764,48.53724752,007.70790266
765,48.53544927,007.70798488
766,48.53365101,007.70806709
767,48.53005449,007.70823150
768,48.52825623,007.70831369
769,48.52645797,007.70839587
770,48.52465970,007.70847805
771,48.52286143,007.70856021
772,48.52106317,007.70864238
773,48.51926490,007.70872453
774,48.51746663,007.70880668
775,48.51566836,007.70888881
776,48.51387008,007.70897095
777,48.51207181,007.70905307
778,48.51027353,007.70913519
779,48.50847525,007.70921729
780,48.49229069,007.70995594
781,48.48869410,007.71012000
782,48.48689581,007.71020202
783,48.48150092,007.71044803
784,48.47970261,007.71053002
785,48.47610601,007.71069398
786,48.67396682,007.70434551
787,48.67216867,007.70442820
788,48.67037052,007.70451089
789,48.66857237,007.70459357
790,48.66677421,007.70467624
791,48.66497606,007.70475890
792,48.64339808,007.70575028
793,48.63800356,007.70599796
794,48.63620538,007.70608050
795,48.63440720,007.70616304
796,48.63260902,007.70624557
797,48.62361809,007.70665809
798,48.61282893,007.70715288
799,48.60923254,007.70731775
800,48.60743434,007.70740017
801,48.60563613,007.70748259
802,48.60383793,007.70756500
803,48.60203972,007.70764740
804,48.60024152,007.70772979
805,48.59844331,007.70781218
806,48.59664510,007.70789456
807,48.59484689,007.70797693
808,48.59304868,007.70805929
809,48.59125046,007.70814165
810,48.58945225,007.70822400
811,48.58585581,007.70838867
812,48.58405759,007.70847099
813,48.58225937,007.70855331
814,48.58046115,007.70863562
815,48.57866293,007.70871793
816,48.57686470,007.70880022
817,48.57506648,007.70888251
818,48.57326825,007.70896479
819,48.56787356,007.70921159
820,48.56607532,007.70929384
821,48.56427709,007.70937608
822,48.56247885,007.70945832
823,48.56068061,007.70954055
824,48.55888237,007.70962277
825,48.55708413,007.70970498
826,48.55528589,007.70978719
827,48.55348765,007.70986939
828,48.54989115,007.71003376
829,48.54809291,007.71011594
830,48.54629466,007.71019811
831,48.54449641,007.71028027
832,48.54269815,007.71036242
833,48.54089990,007.71044457
834,48.53910164,007.71052671
835,48.53730339,007.71060884
836,48.53550513,007.71069096
837,48.53370687,007.71077308
838,48.53190861,007.71085519
839,48.53011034,007.71093729
840,48.52831208,007.71101938
841,48.52651382,007.71110147
842,48.52471555,007.71118355
843,48.52291728,007.71126562
844,48.52111901,007.71134769
845,48.51932074,007.71142974
846,48.51752247,007.71151179
847,48.51572419,007.71159383
848,48.51392592,007.71167587
849,48.51212764,007.71175789
850,48.51032936,007.71183991
851,48.50853108,007.71192193
852,48.50673280,007.71200393
853,48.49234650,007.71265970
854,48.49054820,007.71274164
855,48.48874991,007.71282357
856,48.48695161,007.71290549
857,48.48515331,007.71298740
858,48.48335501,007.71306931
859,48.48155671,007.71315121
860,48.67402279,007.70705909
861,48.67222464,007.70714168
862,48.67042649,007.70722427
863,48.66862833,007.70730685
864,48.66683018,007.70738943
865,48.66503202,007.70747199
866,48.66323386,007.70755455
867,48.66143570,007.70763710
868,48.64525219,007.70837973
869,48.64345402,007.70846220
870,48.64165584,007.70854467
871,48.63985766,007.70862713
872,48.63805948,007.70870959
873,48.63626130,007.70879203
874,48.63446312,007.70887447
875,48.62367400,007.70936894
876,48.61468303,007.70978080
877,48.61288483,007.70986315
878,48.60928843,007.71002782
879,48.60749022,007.71011015
880,48.60569202,007.71019247
881,48.60389381,007.71027478
882,48.60209561,007.71035708
883,48.60029740,007.71043938
884,48.59849919,007.71052167
885,48.59670098,007.71060395
886,48.59490276,007.71068622
887,48.59310455,007.71076849
888,48.59130633,007.71085075
889,48.58950811,007.71093300
890,48.58591168,007.71109748
891,48.58411345,007.71117971
892,48.58231523,007.71126193
893,48.58051701,007.71134414
894,48.57871878,007.71142635
895,48.57692055,007.71150855
896,48.57512232,007.71159074
897,48.57332409,007.71167292
898,48.57152586,007.71175510
899,48.56972763,007.71183727
900,48.56792939,007.71191943
901,48.56613116,007.71200158
902,48.56253468,007.71216587
903,48.56073644,007.71224800
904,48.55713996,007.71241224
905,48.55534171,007.71249435
906,48.55354347,007.71257645
907,48.55174522,007.71265854
908,48.54994697,007.71274063
909,48.54455221,007.71298684
910,48.54275396,007.71306890
911,48.54095570,007.71315095
912,48.53915745,007.71323299
913,48.53556093,007.71339705
914,48.53376266,007.71347907
915,48.53196440,007.71356109
916,48.53016613,007.71364309
917,48.52836787,007.71372509
918,48.52656960,007.71380708
919,48.52477133,007.71388906
920,48.52297306,007.71397103
921,48.52117479,007.71405300
922,48.51937652,007.71413496
923,48.51757824,007.71421691
924,48.51577996,007.71429886
925,48.51398169,007.71438080
926,48.51218341,007.71446273
927,48.51038513,007.71454465
928,48.50858684,007.71462656
929,48.50678856,007.71470847
930,48.49240224,007.71536347
931,48.49060394,007.71544531
932,48.48880564,007.71552714
933,48.48700734,007.71560897
934,48.48520904,007.71569078
935,48.48341074,007.71577260
936,48.48161244,007.71585440
937,48.67228055,007.70985517
938,48.67048239,007.70993766
939,48.66868423,007.71002014
940,48.66688608,007.71010262
941,48.66508792,007.71018509
942,48.66328975,007.71026755
943,48.66149159,007.71035000
944,48.64530806,007.71109175
945,48.64350989,007.71117413
946,48.64171171,007.71125650
947,48.63991353,007.71133887
948,48.63811535,007.71142122
949,48.63631716,007.71150357
950,48.62372985,007.71207980
951,48.61473886,007.71249117
952,48.61294066,007.71257342
953,48.61114246,007.71265566
954,48.60934425,007.71273790
955,48.60754605,007.71282013
956,48.60574784,007.71290235
957,48.60394963,007.71298456
958,48.60215142,007.71306677
959,48.60035321,007.71314897
960,48.59855500,007.71323116
961,48.59675679,007.71331334
962,48.59495857,007.71339552
963,48.59316035,007.71347769
964,48.59136213,007.71355985
965,48.58956391,007.71364200
966,48.58596747,007.71380629
967,48.58416925,007.71388842
968,48.58237102,007.71397055
969,48.58057279,007.71405266
970,48.57877457,007.71413477
971,48.57697634,007.71421687
972,48.57517811,007.71429897
973,48.57337987,007.71438105
974,48.57158164,007.71446313
975,48.56978340,007.71454520
976,48.56798517,007.71462727
977,48.55719571,007.71511950
978,48.55539747,007.71520151
979,48.55359922,007.71528351
980,48.55180097,007.71536551
981,48.54101144,007.71585734
982,48.53921318,007.71593928
983,48.53561666,007.71610315
984,48.53381839,007.71618507
985,48.53202013,007.71626699
986,48.53022186,007.71634890
987,48.52842359,007.71643080
988,48.52662532,007.71651269
989,48.52482705,007.71659457
990,48.52302878,007.71667645
991,48.52123050,007.71675832
992,48.51943223,007.71684019
993,48.51763395,007.71692204
994,48.51583567,007.71700389
995,48.51403739,007.71708573
996,48.51223911,007.71716756
997,48.51044082,007.71724939
998,48.50504597,007.71749482
999,48.49245791,007.71806724
1000,48.49065962,007.71814898
1001,48.48886132,007.71823072
1002,48.48706301,007.71831245
1003,48.48166810,007.71855759
1004,48.47986979,007.71863929
1005,48.47087823,007.71904768
1006,48.67053823,007.71265105
1007,48.66874007,007.71273344
1008,48.66694191,007.71281582
1009,48.66514375,007.71289819
1010,48.66334558,007.71298056
1011,48.66154742,007.71306291
1012,48.64536387,007.71380378
1013,48.64356569,007.71388606
1014,48.64176751,007.71396833
1015,48.63996933,007.71405060
1016,48.63817114,007.71413286
1017,48.63457477,007.71429736
1018,48.62378562,007.71479066
1019,48.61479463,007.71520154
1020,48.61299642,007.71528370
1021,48.61119822,007.71536584
1022,48.60940001,007.71544798
1023,48.60760180,007.71553011
1024,48.60580359,007.71561224
1025,48.60400538,007.71569435
1026,48.60220717,007.71577646
1027,48.60040896,007.71585857
1028,48.59861074,007.71594066
1029,48.59681253,007.71602275
1030,48.59501431,007.71610483
1031,48.59321609,007.71618690
1032,48.59141787,007.71626896
1033,48.58422497,007.71659714
1034,48.58242675,007.71667917
1035,48.58062852,007.71676119
1036,48.57883029,007.71684320
1037,48.57703205,007.71692521
1038,48.57523382,007.71700720
1039,48.57343559,007.71708919
1040,48.57163735,007.71717118
1041,48.56983911,007.71725315
1042,48.56804087,007.71733512
1043,48.56444439,007.71749903
1044,48.53747059,007.71872742
1045,48.53387405,007.71889108
1046,48.53207579,007.71897290
1047,48.53027752,007.71905471
1048,48.52847925,007.71913651
1049,48.52668097,007.71921831
1050,48.52488270,007.71930009
1051,48.52308442,007.71938188
1052,48.52128615,007.71946365
1053,48.51948787,007.71954542
1054,48.51768959,007.71962717
1055,48.51589131,007.71970892
1056,48.51409303,007.71979067
1057,48.48891692,007.72093430
1058,48.48711862,007.72101594
1059,48.48532031,007.72109756
1060,48.48352200,007.72117918
1061,48.47093381,007.72175030
1062,48.46913549,007.72183186
1063,48.46733717,007.72191341
1064,48.46553885,007.72199495
1065,48.46374053,007.72207649
1066,48.67059400,007.71536445
1067,48.66879584,007.71544674
1068,48.66699768,007.71552903
1069,48.66519951,007.71561130
1070,48.66340135,007.71569357
1071,48.64541961,007.71651581
1072,48.64362143,007.71659800
1073,48.64182324,007.71668018
1074,48.64002506,007.71676234
1075,48.63642868,007.71692666
1076,48.63463050,007.71700881
1077,48.63283231,007.71709094
1078,48.63103411,007.71717308
1079,48.62923592,007.71725520
1080,48.61485033,007.71791192
1081,48.61305212,007.71799398
1082,48.61125391,007.71807603
1083,48.60945570,007.71815807
1084,48.60765750,007.71824010
1085,48.60585928,007.71832213
1086,48.60406107,007.71840415
1087,48.60226286,007.71848616
1088,48.60046464,007.71856817
1089,48.59866642,007.71865016
1090,48.59686820,007.71873215
1091,48.59506998,007.71881413
1092,48.59327176,007.71889611
1093,48.59147354,007.71897808
1094,48.58967532,007.71906004
1095,48.58787709,007.71914199
1096,48.58428063,007.71930587
1097,48.58248240,007.71938780
1098,48.58068417,007.71946972
1099,48.57888594,007.71955164
1100,48.57708771,007.71963354
1101,48.57349123,007.71979734
1102,48.57169299,007.71987922
1103,48.56989475,007.71996110
1104,48.56809651,007.72004297
1105,48.56629827,007.72012483
1106,48.56450003,007.72020669
1107,48.53572792,007.72151536
1108,48.53392965,007.72159709
1109,48.53213138,007.72167881
1110,48.53033311,007.72176052
1111,48.52853483,007.72184223
1112,48.52673656,007.72192393
1113,48.52493828,007.72200562
1114,48.52314001,007.72208730
1115,48.52134173,007.72216898
1116,48.51954345,007.72225065
1117,48.51774517,007.72233231
1118,48.51594688,007.72241397
1119,48.51414860,007.72249561
1120,48.48717415,007.72371943
1121,48.48537584,007.72380096
1122,48.48357754,007.72388248
1123,48.47278765,007.72437145
1124,48.47098933,007.72445292
1125,48.46919101,007.72453438
1126,48.46739268,007.72461584
1127,48.46559436,007.72469729
1128,48.46379603,007.72477872
1129,48.67244787,007.71799566
1130,48.67064971,007.71807786
1131,48.66705338,007.71824224
1132,48.66345704,007.71840658
1133,48.64547528,007.71922786
1134,48.64367710,007.71930994
1135,48.64187891,007.71939202
1136,48.64008073,007.71947409
1137,48.63648435,007.71963821
1138,48.63468616,007.71972026
1139,48.61490596,007.72062231
1140,48.61310775,007.72070427
1141,48.61130954,007.72078622
1142,48.60951133,007.72086816
1143,48.60771312,007.72095010
1144,48.60591491,007.72103203
1145,48.60411669,007.72111395
1146,48.60231847,007.72119587
1147,48.60052026,007.72127777
1148,48.59872204,007.72135967
1149,48.59692382,007.72144157
1150,48.59512559,007.72152345
1151,48.59332737,007.72160533
1152,48.59152914,007.72168720
1153,48.58973092,007.72176906
1154,48.58793269,007.72185091
1155,48.58253800,007.72209643
1156,48.57894153,007.72226008
1157,48.57714329,007.72234189
1158,48.57534505,007.72242369
1159,48.57174857,007.72258728
1160,48.56995033,007.72266905
1161,48.56815209,007.72275083
1162,48.56635384,007.72283259
1163,48.56455559,007.72291435
1164,48.56275735,007.72299610
1165,48.53758172,007.72413983
1166,48.53578345,007.72422147
1167,48.53398518,007.72430310
1168,48.53218691,007.72438473
1169,48.53038863,007.72446634
1170,48.52859036,007.72454795
1171,48.52679208,007.72462956
1172,48.52319552,007.72479274
1173,48.52139724,007.72487432
1174,48.51959896,007.72495589
1175,48.51780068,007.72503746
1176,48.51600239,007.72511901
1177,48.51420410,007.72520056
1178,48.51240581,007.72528211
1179,48.49262454,007.72617859
1180,48.49082624,007.72626004
1181,48.48902793,007.72634149
1182,48.48722962,007.72642293
1183,48.48543131,007.72650436
1184,48.48363300,007.72658579
1185,48.48183469,007.72666720
1186,48.48003637,007.72674861
1187,48.47643974,007.72691141
1188,48.47464142,007.72699280
1189,48.47284310,007.72707418
1190,48.47104478,007.72715555
1191,48.46924645,007.72723691
1192,48.46744813,007.72731827
1193,48.46564980,007.72739962
1194,48.68149432,007.72029855
1195,48.66890718,007.72087337
1196,48.66710901,007.72095545
1197,48.66531084,007.72103753
1198,48.66351267,007.72111960
1199,48.66171450,007.72120167
1200,48.65991633,007.72128372
1201,48.65811815,007.72136577
1202,48.65631998,007.72144781
1203,48.65452180,007.72152985
1204,48.65272362,007.72161187
1205,48.65092544,007.72169389
1206,48.64912726,007.72177590
1207,48.64553089,007.72193990
1208,48.64373270,007.72202189
1209,48.60776868,007.72366010
1210,48.60597046,007.72374194
1211,48.60417224,007.72382376
1212,48.60237403,007.72390558
1213,48.60057581,007.72398739
1214,48.59877758,007.72406919
1215,48.59697936,007.72415098
1216,48.59518114,007.72423277
1217,48.59338291,007.72431455
1218,48.59158468,007.72439632
1219,48.58978645,007.72447809
1220,48.58798822,007.72455985
1221,48.58618999,007.72464160
1222,48.57719881,007.72505024
1223,48.57540057,007.72513194
1224,48.57360233,007.72521364
1225,48.57180408,007.72529533
1226,48.57000584,007.72537702
1227,48.56820759,007.72545869
1228,48.56640935,007.72554036
1229,48.56461110,007.72562202
1230,48.56281285,007.72570368
1231,48.54303200,007.72660138
1232,48.54123373,007.72668294
1233,48.53943546,007.72676450
1234,48.53763719,007.72684605
1235,48.53583892,007.72692759
1236,48.53404065,007.72700912
1237,48.53224237,007.72709065
1238,48.53044409,007.72717217
1239,48.52864582,007.72725368
1240,48.52684754,007.72733519
1241,48.52145269,007.72757966
1242,48.51965440,007.72766114
1243,48.51785612,007.72774261
1244,48.51605783,007.72782407
1245,48.50706637,007.72823126
1246,48.50526807,007.72831268
1247,48.50346978,007.72839409
1248,48.49987317,007.72855688
1249,48.49088165,007.72896374
1250,48.48908334,007.72904509
1251,48.48728503,007.72912643
1252,48.47649513,007.72961433
1253,48.47469681,007.72969563
1254,48.47289849,007.72977691
1255,48.46930184,007.72993945
1256,48.46750351,007.73002071
1257,48.66356824,007.72383263
1258,48.66177006,007.72391460
1259,48.65997189,007.72399655
1260,48.65817371,007.72407850
1261,48.65637553,007.72416045
1262,48.65457735,007.72424239
1263,48.65277917,007.72432431
1264,48.64558643,007.72465195
1265,48.64378824,007.72473385
1266,48.64199005,007.72481573
1267,48.63299908,007.72522504
1268,48.63120088,007.72530688
1269,48.62940268,007.72538871
1270,48.62760448,007.72547053
1271,48.62580628,007.72555235
1272,48.59883306,007.72677871
1273,48.59703484,007.72686041
1274,48.59523661,007.72694210
1275,48.59343838,007.72702378
1276,48.59164015,007.72710546
1277,48.58984192,007.72718712
1278,48.58804369,007.72726878
1279,48.58624546,007.72735044
1280,48.58444722,007.72743208
1281,48.57365778,007.72792180
1282,48.57185953,007.72800340
1283,48.56646479,007.72824813
1284,48.56466654,007.72832970
1285,48.56286828,007.72841125
1286,48.54488568,007.72922641
1287,48.54308741,007.72930789
1288,48.54128914,007.72938935
1289,48.53949087,007.72947082
1290,48.53769259,007.72955227
1291,48.53589432,007.72963371
1292,48.53409604,007.72971515
1293,48.53229777,007.72979658
1294,48.53049949,007.72987800
1295,48.52870121,007.72995942
1296,48.52690293,007.73004083
1297,48.52510464,007.73012223
1298,48.52330636,007.73020362
1299,48.50712173,007.73093583
1300,48.50532344,007.73101715
1301,48.50352513,007.73109847
1302,48.47655046,007.73231727
1303,48.47475213,007.73239846
1304,48.46935715,007.73264200
1305,48.46755882,007.73272316
1306,48.46576049,007.73280432
1307,48.66182556,007.72662753
1308,48.66002738,007.72670939
1309,48.65822920,007.72679125
1310,48.65643102,007.72687309
1311,48.65463284,007.72695493
1312,48.65283465,007.72703676
1313,48.64384371,007.72744581
1314,48.64204552,007.72752759
1315,48.63665094,007.72777291
1316,48.63485274,007.72785466
1317,48.63305454,007.72793641
1318,48.63125634,007.72801816
1319,48.62945813,007.72809989
1320,48.62765993,007.72818162
1321,48.62586173,007.72826334
1322,48.62406352,007.72834505
1323,48.62226531,007.72842675
1324,48.62046710,007.72850845
1325,48.61866889,007.72859014
1326,48.61507247,007.72875350
1327,48.61327425,007.72883516
1328,48.61147603,007.72891682
1329,48.60967782,007.72899848
1330,48.60787960,007.72908012
1331,48.60608138,007.72916176
1332,48.60068671,007.72940663
1333,48.59888848,007.72948824
1334,48.59169556,007.72981459
1335,48.58989733,007.72989617
1336,48.58809909,007.72997773
1337,48.57910789,007.73038543
1338,48.57730965,007.73046695
1339,48.57551141,007.73054846
1340,48.56652016,007.73095591
1341,48.56472191,007.73103738
1342,48.56292365,007.73111884
1343,48.56112540,007.73120029
1344,48.55932714,007.73128173
1345,48.54134448,007.73209577
1346,48.53954621,007.73217714
1347,48.53774793,007.73225849
1348,48.53594965,007.73233984
1349,48.53415138,007.73242118
1350,48.53235310,007.73250252
1351,48.53055482,007.73258384
1352,48.52875653,007.73266516
1353,48.52695825,007.73274647
1354,48.50717703,007.73364041
1355,48.50537873,007.73372164
1356,48.50358043,007.73380285
1357,48.50178212,007.73388406
1358,48.49818551,007.73404645
1359,48.47660572,007.73502020
1360,48.47480739,007.73510130
1361,48.46761407,007.73542561
1362,48.46581574,007.73550668
1363,48.65828462,007.72950399
1364,48.64569731,007.73007607
1365,48.64389912,007.73015777
1366,48.64210092,007.73023946
1367,48.63670633,007.73048448
1368,48.63490813,007.73056614
1369,48.63310993,007.73064779
1370,48.63131173,007.73072944
1371,48.62951352,007.73081108
1372,48.62771532,007.73089271
1373,48.62411890,007.73105594
1374,48.62232069,007.73113755
1375,48.62052248,007.73121915
1376,48.61872427,007.73130074
1377,48.61692605,007.73138233
1378,48.61512783,007.73146391
1379,48.61332962,007.73154547
1380,48.61153140,007.73162704
1381,48.60973318,007.73170859
1382,48.60793496,007.73179014
1383,48.60613673,007.73187168
1384,48.60433851,007.73195321
1385,48.60254028,007.73203474
1386,48.60074206,007.73211626
1387,48.59894383,007.73219777
1388,48.59714560,007.73227927
1389,48.58096146,007.73301247
1390,48.57916322,007.73309390
1391,48.57736497,007.73317532
1392,48.57556673,007.73325673
1393,48.57376848,007.73333814
1394,48.57197023,007.73341954
1395,48.56837372,007.73358232
1396,48.55938244,007.73398913
1397,48.55758417,007.73407047
1398,48.55578591,007.73415180
1399,48.55398765,007.73423313
1400,48.55218938,007.73431445
1401,48.55039111,007.73439576
1402,48.54859284,007.73447706
1403,48.54679457,007.73455836
1404,48.53960148,007.73488347
1405,48.53780320,007.73496473
1406,48.53061008,007.73528969
1407,48.52881179,007.73537091
1408,48.52701351,007.73545212
1409,48.52341693,007.73561453
1410,48.51802205,007.73585809
1411,48.50543396,007.73642612
1412,48.50363566,007.73650724
1413,48.50183735,007.73658835
1414,48.46407258,007.73828999
1415,48.63676166,007.73319606
1416,48.63496346,007.73327763
1417,48.63316526,007.73335918
1418,48.63136705,007.73344073
1419,48.62237600,007.73384835
1420,48.62057779,007.73392986
1421,48.61877957,007.73401135
1422,48.61698136,007.73409284
1423,48.61518314,007.73417432
1424,48.61338492,007.73425579
1425,48.61158670,007.73433726
1426,48.60978848,007.73441871
1427,48.60799025,007.73450016
1428,48.60619203,007.73458161
1429,48.60439380,007.73466304
1430,48.60259557,007.73474447
1431,48.59899911,007.73490731
1432,48.59720088,007.73498871
1433,48.58461321,007.73555835
1434,48.58281497,007.73563969
1435,48.58101672,007.73572103
1436,48.57921848,007.73580237
1437,48.57562198,007.73596501
1438,48.57202548,007.73612762
1439,48.56842897,007.73629020
1440,48.56663071,007.73637148
1441,48.56483245,007.73645276
1442,48.56303419,007.73653402
1443,48.56123593,007.73661528
1444,48.55943767,007.73669653
1445,48.55763940,007.73677777
1446,48.55584114,007.73685901
1447,48.55404287,007.73694024
1448,48.55224460,007.73702146
1449,48.55044633,007.73710267
1450,48.54864806,007.73718388
1451,48.54684979,007.73726508
1452,48.53965669,007.73758980
1453,48.53785841,007.73767096
1454,48.53066527,007.73799554
1455,48.52886699,007.73807666
1456,48.52706870,007.73815778
1457,48.52527041,007.73823889
1458,48.52347212,007.73831999
1459,48.52167382,007.73840109
1460,48.51807723,007.73856326
1461,48.50548913,007.73913062
1462,48.50369082,007.73921164
1463,48.50189251,007.73929265
1464,48.46232935,007.74107312
1465,48.46053101,007.74115396
1466,48.45873267,007.74123480
1467,48.63681693,007.73590765
1468,48.63501872,007.73598912
1469,48.63322052,007.73607057
1470,48.63142231,007.73615202
1471,48.61523838,007.73688473
1472,48.61344015,007.73696611
1473,48.61164193,007.73704748
1474,48.60984371,007.73712884
1475,48.60804548,007.73721019
1476,48.60444902,007.73737288
1477,48.60265079,007.73745421
1478,48.60085256,007.73753553
1479,48.59725609,007.73769816
1480,48.59545786,007.73777946
1481,48.58826490,007.73810459
1482,48.58646666,007.73818586
1483,48.58466841,007.73826711
1484,48.58287016,007.73834836
1485,48.58107192,007.73842960
1486,48.57927367,007.73851084
1487,48.57747542,007.73859207
1488,48.57567717,007.73867329
1489,48.57387891,007.73875450
1490,48.57208066,007.73883571
1491,48.56848414,007.73899809
1492,48.56668588,007.73907928
1493,48.56488762,007.73916045
1494,48.56308936,007.73924162
1495,48.56129110,007.73932278
1496,48.55949283,007.73940394
1497,48.55769457,007.73948508
1498,48.55589630,007.73956622
1499,48.55409803,007.73964735
1500,48.55229976,007.73972848
1501,48.55050149,007.73980959
1502,48.54870322,007.73989070
1503,48.54690494,007.73997181
1504,48.54510666,007.74005290
1505,48.54330839,007.74013399
1506,48.52712382,007.74086344
1507,48.52532553,007.74094445
1508,48.52352724,007.74102546
1509,48.52172894,007.74110646
1510,48.50374591,007.74191604
1511,48.50194760,007.74199696
1512,48.47317443,007.74329065
1513,48.46418274,007.74369454
1514,48.46238440,007.74377530
1515,48.46058605,007.74385604
1516,48.45878771,007.74393679
1517,48.45698936,007.74401752
1518,48.63507392,007.73870061
1519,48.63327571,007.73878197
1520,48.63147750,007.73886332
1521,48.61709177,007.73951387
1522,48.61529355,007.73959516
1523,48.61349532,007.73967644
1524,48.61169710,007.73975771
1525,48.60989887,007.73983897
1526,48.60810064,007.73992023
1527,48.60630241,007.74000148
1528,48.60450418,007.74008272
1529,48.60270595,007.74016395
1530,48.60090771,007.74024518
1531,48.59910948,007.74032640
1532,48.59011828,007.74073238
1533,48.58832004,007.74081356
1534,48.58652179,007.74089472
1535,48.58472354,007.74097588
1536,48.58292529,007.74105704
1537,48.58112704,007.74113818
1538,48.57932879,007.74121932
1539,48.57753054,007.74130045
1540,48.57573229,007.74138157
1541,48.57393403,007.74146269
1542,48.57213577,007.74154380
1543,48.56853926,007.74170599
1544,48.56674099,007.74178708
1545,48.56494273,007.74186815
1546,48.56314447,007.74194923
1547,48.56134620,007.74203029
1548,48.55954794,007.74211135
1549,48.55774967,007.74219240
1550,48.55595140,007.74227344
1551,48.55415313,007.74235447
1552,48.55235485,007.74243550
1553,48.55055658,007.74251652
1554,48.54875830,007.74259753
1555,48.54696003,007.74267854
1556,48.52358229,007.74373093
1557,48.52178400,007.74381184
1558,48.46423772,007.74639682
1559,48.46243937,007.74647748
1560,48.46064103,007.74655813
1561,48.45884268,007.74663878
1562,48.45704433,007.74671942
1563,48.64052367,007.74116828
1564,48.63692726,007.74133084
1565,48.63512905,007.74141211
1566,48.63333084,007.74149337
1567,48.63153263,007.74157463
1568,48.61534865,007.74230559
1569,48.61355043,007.74238677
1570,48.61175220,007.74246794
1571,48.60995397,007.74254911
1572,48.60815574,007.74263027
1573,48.60635751,007.74271142
1574,48.60455927,007.74279256
1575,48.60276104,007.74287370
1576,48.60096280,007.74295483
1577,48.59916456,007.74303595
1578,48.59736632,007.74311707
1579,48.59556808,007.74319817
1580,48.59197160,007.74336036
1581,48.59017335,007.74344145
1582,48.58837511,007.74352253
1583,48.58657686,007.74360360
1584,48.58477861,007.74368466
1585,48.58298036,007.74376572
1586,48.58118211,007.74384676
1587,48.57938385,007.74392780
1588,48.57758560,007.74400884
1589,48.57578734,007.74408986
1590,48.57219082,007.74425189
1591,48.57039256,007.74433290
1592,48.56140124,007.74473781
1593,48.55960297,007.74481876
1594,48.55780470,007.74489972
1595,48.55600643,007.74498066
1596,48.55420815,007.74506160
1597,48.55240988,007.74514253
1598,48.55061160,007.74522345
1599,48.54881332,007.74530437
1600,48.54701504,007.74538528
1601,48.64777157,007.74355525
1602,48.64597336,007.74363647
1603,48.64417516,007.74371768
1604,48.63518411,007.74412362
1605,48.63338590,007.74420478
1606,48.63158769,007.74428594
1607,48.62439481,007.74461049
1608,48.61720192,007.74493493
1609,48.61360546,007.74509711
1610,48.61180723,007.74517818
1611,48.61000900,007.74525925
1612,48.60821077,007.74534031
1613,48.60641253,007.74542137
1614,48.60461430,007.74550241
1615,48.60281606,007.74558345
1616,48.60101782,007.74566449
1617,48.59921958,007.74574551
1618,48.59742134,007.74582653
1619,48.59562310,007.74590754
1620,48.59202661,007.74606954
1621,48.59022836,007.74615052
1622,48.58843011,007.74623150
1623,48.58663186,007.74631248
1624,48.58483361,007.74639344
1625,48.58303536,007.74647440
1626,48.58123710,007.74655535
1627,48.57943885,007.74663629
1628,48.57764059,007.74671723
1629,48.57584233,007.74679816
1630,48.57404407,007.74687908
1631,48.57224581,007.74695999
1632,48.57044755,007.74704090
1633,48.56325448,007.74736445
1634,48.56145621,007.74744532
1635,48.55965794,007.74752619
1636,48.55785967,007.74760704
1637,48.55606139,007.74768789
1638,48.55426311,007.74776873
1639,48.55246484,007.74784956
1640,48.55066656,007.74793039
1641,48.54886828,007.74801121
1642,48.54707000,007.74809202
1643,48.54527171,007.74817282
1644,48.47693589,007.75123793
1645,48.64782658,007.74626745
1646,48.64602837,007.74634857
1647,48.64423017,007.74642968
1648,48.64243196,007.74651078
1649,48.63523911,007.74683513
1650,48.63344090,007.74691619
1651,48.63164268,007.74699725
1652,48.62984446,007.74707831
1653,48.62444980,007.74732142
1654,48.62265157,007.74740244
1655,48.62085335,007.74748346
1656,48.61366043,007.74780745
1657,48.61186220,007.74788843
1658,48.61006397,007.74796940
1659,48.60826573,007.74805037
1660,48.60646750,007.74813132
1661,48.60466926,007.74821227
1662,48.60287102,007.74829321
1663,48.60107278,007.74837415
1664,48.59927453,007.74845507
1665,48.59747629,007.74853599
1666,48.59028330,007.74885960
1667,48.58848505,007.74894048
1668,48.58668680,007.74902136
1669,48.58488854,007.74910223
1670,48.58309029,007.74918309
1671,48.58129203,007.74926394
1672,48.57949377,007.74934479
1673,48.57769551,007.74942563
1674,48.57589725,007.74950646
1675,48.57409899,007.74958728
1676,48.57050246,007.74974891
1677,48.56870419,007.74982971
1678,48.56330939,007.75007208
1679,48.56151111,007.75015285
1680,48.55971284,007.75023361
1681,48.55791457,007.75031437
1682,48.55611629,007.75039512
1683,48.55431801,007.75047587
1684,48.55251973,007.75055660
1685,48.55072145,007.75063733
1686,48.54892317,007.75071805
1687,48.54712488,007.75079877
1688,48.54532660,007.75087947
1689,48.54352831,007.75096017
1690,48.64788153,007.74897965
1691,48.64608332,007.74906067
1692,48.64428511,007.74914168
1693,48.64248690,007.74922269
1694,48.63349583,007.74962761
1695,48.63169761,007.74970858
1696,48.62989939,007.74978953
1697,48.62810116,007.74987048
1698,48.62630294,007.74995142
1699,48.62450472,007.75003235
1700,48.62270649,007.75011328
1701,48.61551357,007.75043691
1702,48.61371534,007.75051780
1703,48.61191710,007.75059868
1704,48.61011887,007.75067955
1705,48.60832063,007.75076042
1706,48.60652239,007.75084128
1707,48.60472415,007.75092213
1708,48.60292591,007.75100298
1709,48.60112766,007.75108382
1710,48.59932942,007.75116464
1711,48.59033818,007.75156868
1712,48.58853992,007.75164947
1713,48.58494341,007.75181102
1714,48.58314515,007.75189178
1715,48.58134690,007.75197254
1716,48.57954863,007.75205329
1717,48.57775037,007.75213403
1718,48.57595211,007.75221477
1719,48.57415385,007.75229549
1720,48.57235558,007.75237621
1721,48.57055731,007.75245693
1722,48.56875904,007.75253763
1723,48.56696077,007.75261833
1724,48.56516250,007.75269902
1725,48.56156595,007.75286038
1726,48.55976768,007.75294105
1727,48.55796940,007.75302171
1728,48.55617112,007.75310236
1729,48.55437284,007.75318301
1730,48.55257456,007.75326365
1731,48.55077627,007.75334428
1732,48.54897799,007.75342490
1733,48.54717970,007.75350552
1734,48.54538142,007.75358613
1735,48.54358313,007.75366673
1736,48.65153282,007.75152998
1737,48.64973462,007.75161092
1738,48.64793641,007.75169185
1739,48.64613820,007.75177277
1740,48.64433999,007.75185369
1741,48.64254177,007.75193460
1742,48.63355069,007.75233904
1743,48.63175247,007.75241990
1744,48.62995424,007.75250076
1745,48.62815602,007.75258161
1746,48.62635780,007.75266245
1747,48.62455957,007.75274329
1748,48.62276134,007.75282412
1749,48.62096311,007.75290494
1750,48.61916488,007.75298575
1751,48.61736665,007.75306656
1752,48.61556841,007.75314736
1753,48.61377018,007.75322815
1754,48.61197194,007.75330894
1755,48.61017370,007.75338971
1756,48.60837546,007.75347048
1757,48.60657722,007.75355124
1758,48.60477898,007.75363200
1759,48.60298073,007.75371275
1760,48.60118249,007.75379349
1761,48.59398949,007.75411637
1762,48.59219124,007.75419708
1763,48.59039298,007.75427778
1764,48.58859473,007.75435846
1765,48.58679647,007.75443914
1766,48.58499821,007.75451982
1767,48.58319995,007.75460049
1768,48.58140169,007.75468114
1769,48.57960343,007.75476180
1770,48.57780517,007.75484244
1771,48.57600690,007.75492308
1772,48.57420863,007.75500371
1773,48.57061210,007.75516495
1774,48.56881382,007.75524556
1775,48.56701555,007.75532616
1776,48.56521728,007.75540675
1777,48.56341900,007.75548734
1778,48.56162072,007.75556791
1779,48.55982245,007.75564849
1780,48.55802417,007.75572905
1781,48.55622589,007.75580961
1782,48.55442760,007.75589016
1783,48.55262932,007.75597070
1784,48.55083103,007.75605123
1785,48.54903275,007.75613176
1786,48.54723446,007.75621228
1787,48.54543617,007.75629279
1788,48.54363788,007.75637330
1789,48.54183958,007.75645380
1790,48.52745319,007.75709752
1791,48.64978944,007.75432323
1792,48.64799122,007.75440406
1793,48.64619301,007.75448489
1794,48.64439480,007.75456570
1795,48.64259658,007.75464652
1796,48.63180726,007.75513124
1797,48.63000904,007.75521200
1798,48.62641258,007.75537350
1799,48.62461435,007.75545423
1800,48.62281612,007.75553496
1801,48.62101789,007.75561569
1802,48.61921966,007.75569641
1803,48.61742142,007.75577711
1804,48.61562319,007.75585782
1805,48.61382495,007.75593851
1806,48.61202671,007.75601920
1807,48.61022847,007.75609988
1808,48.60843023,007.75618055
1809,48.60663198,007.75626121
1810,48.60483374,007.75634187
1811,48.60303549,007.75642252
1812,48.60123724,007.75650317
1813,48.59943900,007.75658380
1814,48.59764074,007.75666443
1815,48.59584249,007.75674505
1816,48.59404424,007.75682566
1817,48.59224598,007.75690627
1818,48.59044773,007.75698687
1819,48.58864947,007.75706746
1820,48.58685121,007.75714805
1821,48.58505295,007.75722862
1822,48.58325469,007.75730919
1823,48.58145642,007.75738975
1824,48.57965816,007.75747031
1825,48.57785989,007.75755086
1826,48.57606163,007.75763140
1827,48.57246509,007.75779246
1828,48.57066681,007.75787297
1829,48.56886854,007.75795348
1830,48.56707027,007.75803399
1831,48.56527199,007.75811449
1832,48.56347371,007.75819497
1833,48.56167543,007.75827546
1834,48.55987715,007.75835593
1835,48.55807887,007.75843640
1836,48.55628059,007.75851686
1837,48.55448230,007.75859731
1838,48.55268401,007.75867775
1839,48.55088573,007.75875819
1840,48.54908744,007.75883862
1841,48.54728915,007.75891905
1842,48.54549086,007.75899946
1843,48.54369256,007.75907987
1844,48.54189427,007.75916027
1845,48.54009597,007.75924067
1846,48.53829767,007.75932105
1847,48.53649937,007.75940143
1848,48.53470107,007.75948180
1849,48.52750785,007.75980322
1850,48.52570955,007.75988355
1851,48.64804597,007.75711627
1852,48.64624776,007.75719700
1853,48.64444954,007.75727773
1854,48.64265133,007.75735844
1855,48.62646731,007.75808454
1856,48.62466907,007.75816518
1857,48.62287084,007.75824582
1858,48.62107261,007.75832644
1859,48.61927437,007.75840706
1860,48.61747613,007.75848767
1861,48.61567789,007.75856828
1862,48.61387965,007.75864888
1863,48.61208141,007.75872946
1864,48.61028317,007.75881005
1865,48.60848493,007.75889062
1866,48.60668668,007.75897119
1867,48.60488843,007.75905175
1868,48.60309019,007.75913230
1869,48.60129193,007.75921285
1870,48.59949368,007.75929339
1871,48.59769543,007.75937392
1872,48.59589718,007.75945444
1873,48.59409892,007.75953496
1874,48.59230066,007.75961547
1875,48.59050240,007.75969597
1876,48.58870414,007.75977646
1877,48.58690588,007.75985695
1878,48.58330936,007.76001790
1879,48.58151109,007.76009837
1880,48.57971282,007.76017883
1881,48.57791455,007.76025928
1882,48.57611628,007.76033972
1883,48.57431801,007.76042016
1884,48.57251974,007.76050058
1885,48.57072147,007.76058101
1886,48.56892319,007.76066142
1887,48.56712491,007.76074183
1888,48.56532663,007.76082223
1889,48.56352835,007.76090262
1890,48.56173007,007.76098300
1891,48.55993179,007.76106338
1892,48.55813351,007.76114375
1893,48.55633522,007.76122411
1894,48.55453693,007.76130447
1895,48.55273864,007.76138482
1896,48.55094035,007.76146516
1897,48.54914206,007.76154549
1898,48.54734377,007.76162582
1899,48.54554548,007.76170613
1900,48.54374718,007.76178645
1901,48.54194888,007.76186675
1902,48.54015058,007.76194705
1903,48.53835228,007.76202734
1904,48.53115907,007.76234842
1905,48.52036920,007.76282983
1906,48.51857089,007.76291004
1907,48.64630244,007.75990913
1908,48.64450422,007.75998975
1909,48.64270600,007.76007037
1910,48.64090778,007.76015098
1911,48.62832019,007.76071504
1912,48.62652196,007.76079559
1913,48.62472373,007.76087614
1914,48.62292549,007.76095667
1915,48.62112726,007.76103720
1916,48.61932902,007.76111772
1917,48.61753078,007.76119824
1918,48.61573254,007.76127875
1919,48.61393430,007.76135924
1920,48.61213605,007.76143974
1921,48.61033781,007.76152022
1922,48.60853956,007.76160070
1923,48.60674131,007.76168117
1924,48.60494306,007.76176163
1925,48.60314481,007.76184209
1926,48.60134656,007.76192254
1927,48.59775005,007.76208341
1928,48.59595179,007.76216384
1929,48.59415354,007.76224426
1930,48.59235528,007.76232467
1931,48.59055702,007.76240508
1932,48.58875875,007.76248547
1933,48.58696049,007.76256586
1934,48.58516222,007.76264624
1935,48.58336396,007.76272662
1936,48.58156569,007.76280699
1937,48.57976742,007.76288735
1938,48.57796915,007.76296770
1939,48.57617088,007.76304805
1940,48.57437260,007.76312839
1941,48.57257433,007.76320872
1942,48.57077605,007.76328904
1943,48.56897777,007.76336936
1944,48.56717949,007.76344967
1945,48.56538121,007.76352997
1946,48.56358293,007.76361027
1947,48.56178465,007.76369055
1948,48.55998636,007.76377083
1949,48.55818808,007.76385111
1950,48.55638979,007.76393137
1951,48.55459150,007.76401163
1952,48.55279321,007.76409188
1953,48.54560003,007.76441281
1954,48.54380173,007.76449303
1955,48.54200343,007.76457323
1956,48.54020513,007.76465344
1957,48.53840683,007.76473363
1958,48.53660852,007.76481381
1959,48.53301191,007.76497416
1960,48.53121360,007.76505433
1961,48.52042373,007.76553516
1962,48.64635705,007.76262125
1963,48.64455883,007.76270178
1964,48.64276061,007.76278230
1965,48.64096239,007.76286281
1966,48.63017302,007.76334573
1967,48.62837479,007.76342620
1968,48.62657655,007.76350665
1969,48.62477832,007.76358710
1970,48.62298008,007.76366754
1971,48.62118184,007.76374797
1972,48.61938360,007.76382839
1973,48.61758536,007.76390881
1974,48.61578711,007.76398922
1975,48.61398887,007.76406962
1976,48.61219062,007.76415002
1977,48.61039238,007.76423040
1978,48.60859413,007.76431078
1979,48.60679588,007.76439116
1980,48.60499762,007.76447152
1981,48.60140112,007.76463223
1982,48.59960286,007.76471258
1983,48.59780460,007.76479291
1984,48.59600635,007.76487324
1985,48.59420809,007.76495356
1986,48.59061156,007.76511419
1987,48.58881330,007.76519449
1988,48.58701503,007.76527478
1989,48.58521676,007.76535507
1990,48.58341849,007.76543534
1991,48.58162022,007.76551561
1992,48.57982195,007.76559588
1993,48.57802368,007.76567613
1994,48.57622540,007.76575638
1995,48.57442713,007.76583662
1996,48.57262885,007.76591686
1997,48.57083057,007.76599709
1998,48.56903229,007.76607730
1999,48.56723401,007.76615752
2000,48.56543573,007.76623772
2001,48.56363744,007.76631792
2002,48.56183916,007.76639811
2003,48.56004087,007.76647829
2004,48.55824258,007.76655847
2005,48.55644429,007.76663864
2006,48.55464600,007.76671880
2007,48.55284770,007.76679895
2008,48.55104941,007.76687910
2009,48.54925111,007.76695924
2010,48.54745282,007.76703937
2011,48.54565452,007.76711950
2012,48.54385622,007.76719961
2013,48.54205792,007.76727973
2014,48.54025961,007.76735983
2015,48.53846131,007.76743992
2016,48.53666300,007.76752001
2017,48.53486469,007.76760009
2018,48.53306639,007.76768017
2019,48.53126807,007.76776023
2020,48.52946976,007.76784029
2021,48.52767145,007.76792035
2022,48.52587314,007.76800039
2023,48.64461338,007.76541382
2024,48.64281516,007.76549424
2025,48.64101693,007.76557465
2026,48.63202578,007.76597662
2027,48.63022755,007.76605699
2028,48.62842931,007.76613735
2029,48.62663108,007.76621771
2030,48.62483284,007.76629806
2031,48.62303460,007.76637840
2032,48.62123636,007.76645874
2033,48.61943811,007.76653906
2034,48.61763987,007.76661938
2035,48.61584162,007.76669970
2036,48.61404338,007.76678000
2037,48.61224513,007.76686030
2038,48.61044688,007.76694059
2039,48.60864863,007.76702087
2040,48.60685038,007.76710115
2041,48.60145561,007.76734193
2042,48.59785909,007.76750242
2043,48.59606083,007.76758265
2044,48.59426257,007.76766288
2045,48.59246430,007.76774309
2046,48.59066604,007.76782330
2047,48.58886777,007.76790350
2048,48.58706950,007.76798370
2049,48.58527123,007.76806389
2050,48.58347296,007.76814407
2051,48.58167469,007.76822424
2052,48.57987642,007.76830441
2053,48.57807814,007.76838457
2054,48.57627986,007.76846472
2055,48.57448159,007.76854487
2056,48.57088503,007.76870513
2057,48.56908674,007.76878526
2058,48.56728846,007.76886537
2059,48.56549017,007.76894548
2060,48.56369189,007.76902558
2061,48.56189360,007.76910567
2062,48.56009531,007.76918576
2063,48.55829702,007.76926584
2064,48.55649873,007.76934591
2065,48.55470043,007.76942598
2066,48.55290214,007.76950603
2067,48.55110384,007.76958608
2068,48.54930554,007.76966612
2069,48.54750724,007.76974616
2070,48.54570894,007.76982619
2071,48.54391064,007.76990621
2072,48.54211233,007.76998622
2073,48.54031403,007.77006623
2074,48.53851572,007.77014623
2075,48.53671741,007.77022622
2076,48.53491910,007.77030620
2077,48.53312079,007.77038618
2078,48.53132248,007.77046615
2079,48.52952417,007.77054611
2080,48.52772585,007.77062607
2081,48.64466786,007.76812586
2082,48.64286964,007.76820618
2083,48.64107141,007.76828650
2084,48.63387848,007.76860770
2085,48.63028201,007.76876825
2086,48.62848377,007.76884852
2087,48.62668553,007.76892878
2088,48.62488729,007.76900903
2089,48.62308905,007.76908927
2090,48.62129081,007.76916951
2091,48.61949256,007.76924974
2092,48.61769432,007.76932996
2093,48.61589607,007.76941018
2094,48.61409782,007.76949039
2095,48.61229957,007.76957059
2096,48.61050132,007.76965078
2097,48.60870306,007.76973097
2098,48.60690481,007.76981114
2099,48.60510655,007.76989132
2100,48.60330829,007.76997148
2101,48.60151004,007.77005164
2102,48.59971178,007.77013179
2103,48.59791351,007.77021193
2104,48.59611525,007.77029206
2105,48.59431699,007.77037219
2106,48.59251872,007.77045231
2107,48.59072045,007.77053242
2108,48.58892218,007.77061253
2109,48.58712391,007.77069263
2110,48.58532564,007.77077272
2111,48.58352737,007.77085280
2112,48.58172909,007.77093288
2113,48.57993082,007.77101295
2114,48.57813254,007.77109301
2115,48.57633426,007.77117307
2116,48.57453598,007.77125311
2117,48.57273770,007.77133315
2118,48.57093941,007.77141319
2119,48.56914113,007.77149321
2120,48.56734284,007.77157323
2121,48.56554455,007.77165324
2122,48.56374627,007.77173324
2123,48.56194798,007.77181324
2124,48.56014968,007.77189323
2125,48.55835139,007.77197321
2126,48.55655310,007.77205319
2127,48.55475480,007.77213315
2128,48.55295650,007.77221312
2129,48.55115820,007.77229307
2130,48.54756160,007.77245295
2131,48.54576330,007.77253288
2132,48.54396499,007.77261281
2133,48.54216669,007.77269272
2134,48.54036838,007.77277263
2135,48.53857007,007.77285253
2136,48.53677176,007.77293243
2137,48.53497345,007.77301232
2138,48.53317513,007.77309219
2139,48.53137682,007.77317207
2140,48.52957850,007.77325193
2141,48.64472228,007.77083791
2142,48.64292405,007.77091813
2143,48.64112582,007.77099835
2144,48.63033641,007.77147952
2145,48.62853817,007.77155969
2146,48.62673993,007.77163985
2147,48.62494168,007.77172001
2148,48.62314344,007.77180015
2149,48.62134519,007.77188029
2150,48.61954695,007.77196043
2151,48.61774870,007.77204055
2152,48.61595045,007.77212067
2153,48.61415220,007.77220078
2154,48.61235394,007.77228088
2155,48.60875743,007.77244107
2156,48.60695918,007.77252115
2157,48.60516092,007.77260122
2158,48.60336266,007.77268129
2159,48.60156440,007.77276135
2160,48.59976613,007.77284140
2161,48.59796787,007.77292144
2162,48.59437134,007.77308151
2163,48.59257307,007.77316154
2164,48.59077480,007.77324155
2165,48.58897653,007.77332156
2166,48.58717825,007.77340156
2167,48.58537998,007.77348156
2168,48.58358170,007.77356154
2169,48.58178343,007.77364152
2170,48.57998515,007.77372149
2171,48.57818687,007.77380146
2172,48.57638859,007.77388142
2173,48.57459031,007.77396137
2174,48.57279202,007.77404131
2175,48.57099373,007.77412125
2176,48.56919545,007.77420117
2177,48.56739716,007.77428109
2178,48.56559887,007.77436101
2179,48.56380058,007.77444092
2180,48.56200229,007.77452082
2181,48.54222097,007.77539923
2182,48.54042266,007.77547904
2183,48.53682604,007.77563864
2184,48.53502772,007.77571843
2185,48.66096064,007.77282846
2186,48.64297839,007.77363009
2187,48.64118016,007.77371021
2188,48.63218898,007.77411072
2189,48.63039074,007.77419079
2190,48.62859249,007.77427086
2191,48.62679425,007.77435093
2192,48.62499601,007.77443099
2193,48.62319776,007.77451104
2194,48.62139951,007.77459108
2195,48.61960126,007.77467111
2196,48.61780301,007.77475114
2197,48.61600476,007.77483116
2198,48.61420650,007.77491118
2199,48.61240825,007.77499118
2200,48.61060999,007.77507118
2201,48.60881174,007.77515117
2202,48.60701348,007.77523115
2203,48.60521522,007.77531113
2204,48.60341695,007.77539110
2205,48.60161869,007.77547106
2206,48.59982042,007.77555102
2207,48.59622389,007.77571091
2208,48.59442562,007.77579084
2209,48.59262735,007.77587077
2210,48.59082908,007.77595069
2211,48.58903081,007.77603060
2212,48.58723253,007.77611050
2213,48.58543425,007.77619040
2214,48.58363598,007.77627029
2215,48.58183770,007.77635017
2216,48.58003942,007.77643004
2217,48.57824113,007.77650991
2218,48.57644285,007.77658977
2219,48.57104799,007.77682931
2220,48.56924970,007.77690914
2221,48.56745141,007.77698896
2222,48.56565312,007.77706878
2223,48.56385483,007.77714859
2224,48.56205653,007.77722839
2225,48.62864676,007.77698205
2226,48.62684851,007.77706201
2227,48.62505026,007.77714197
2228,48.62325201,007.77722193
2229,48.62145376,007.77730187
2230,48.61785726,007.77746174
2231,48.61605900,007.77754166
2232,48.61426075,007.77762158
2233,48.61246249,007.77770149
2234,48.61066423,007.77778139
2235,48.60886597,007.77786128
2236,48.60706771,007.77794117
2237,48.60526945,007.77802105
2238,48.60347118,007.77810092
2239,48.60167292,007.77818079
2240,48.59987465,007.77826064
2241,48.59807638,007.77834049
2242,48.59627811,007.77842034
2243,48.59447984,007.77850017
2244,48.59268157,007.77858000
2245,48.59088329,007.77865982
2246,48.58908502,007.77873964
2247,48.58728674,007.77881944
2248,48.58548846,007.77889924
2249,48.58369018,007.77897904
2250,48.58189190,007.77905882
2251,48.58009362,007.77913860
2252,48.57829533,007.77921837
2253,48.56930389,007.77961711
2254,48.56750560,007.77969684
2255,48.56570730,007.77977656
2256,48.56390901,007.77985627
2257,48.56211071,007.77993598
2258,48.56031241,007.78001567
2259,48.55851411,007.78009537
2260,48.53513608,007.78113069
2261,48.53333776,007.78121028
2262,48.62330620,007.77993282
2263,48.61611318,007.78025217
2264,48.61431493,007.78033199
2265,48.61071841,007.78049160
2266,48.60892014,007.78057140
2267,48.60712188,007.78065119
2268,48.60532361,007.78073097
2269,48.60352535,007.78081074
2270,48.60172708,007.78089051
2271,48.59992881,007.78097027
2272,48.59813054,007.78105002
2273,48.59633227,007.78112977
2274,48.59453399,007.78120951
2275,48.59093744,007.78136897
2276,48.58913916,007.78144868
2277,48.58734088,007.78152839
2278,48.58554260,007.78160809
2279,48.58374432,007.78168779
2280,48.56396312,007.78256396
2281,48.56036652,007.78272317
2282,48.55856822,007.78280276
2283,48.54238343,007.78351878
2284,48.54058512,007.78359830
2285,48.53878680,007.78367781
2286,48.53698848,007.78375732
2287,48.53519016,007.78383682
2288,48.64673751,007.78160630
2289,48.64134279,007.78184582
2290,48.63954455,007.78192564
2291,48.61436904,007.78304240
2292,48.61257078,007.78312211
2293,48.61077251,007.78320182
2294,48.60897425,007.78328152
2295,48.60717598,007.78336121
2296,48.60537771,007.78344090
2297,48.60357945,007.78352057
2298,48.60178118,007.78360024
2299,48.59998290,007.78367991
2300,48.59818463,007.78375956
2301,48.59638636,007.78383921
2302,48.59099152,007.78407811
2303,48.58919324,007.78415773
2304,48.58739496,007.78423735
2305,48.58559668,007.78431695
2306,48.57660524,007.78471487
2307,48.56042057,007.78543067
2308,48.54423577,007.78614587
2309,48.54243746,007.78622531
2310,48.54063914,007.78630473
2311,48.53884082,007.78638415
2312,48.64139687,007.78455769
2313,48.61442308,007.78575282
2314,48.61262482,007.78583243
2315,48.61082655,007.78591204
2316,48.60902829,007.78599164
2317,48.60723002,007.78607124
2318,48.60543175,007.78615083
2319,48.60363348,007.78623041
2320,48.60183521,007.78630998
2321,48.60003693,007.78638955
2322,48.59823866,007.78646911
2323,48.59644038,007.78654866
2324,48.59464210,007.78662820
2325,48.59284382,007.78670774
2326,48.59104554,007.78678727
2327,48.58924726,007.78686679
2328,48.57486095,007.78750271
2329,48.62346837,007.78806553
2330,48.62167011,007.78814509
2331,48.61807359,007.78830418
2332,48.61627533,007.78838371
2333,48.61447706,007.78846324
2334,48.61267880,007.78854276
2335,48.61088053,007.78862227
2336,48.60908226,007.78870178
2337,48.60728399,007.78878127
2338,48.60548572,007.78886076
2339,48.60368744,007.78894025
2340,48.60188917,007.78901972
2341,48.60009089,007.78909919
2342,48.59829262,007.78917865
2343,48.59649434,007.78925811
2344,48.59469606,007.78933755
2345,48.59289777,007.78941699
2346,48.57491488,007.79021100
2347,48.52636034,007.79235119
2348,48.64150483,007.78998147
2349,48.61812751,007.79101480
2350,48.61453098,007.79117367
2351,48.61273271,007.79125309
2352,48.61093444,007.79133251
2353,48.60913617,007.79141191
2354,48.60374134,007.79165009
2355,48.60194307,007.79172947
2356,48.60014479,007.79180884
2357,48.59834651,007.79188821
2358,48.59654823,007.79196756
2359,48.59474994,007.79204691
2360,48.59295166,007.79212626
2361,48.57137214,007.79307780
2362,48.61818136,007.79372543
2363,48.60919001,007.79412206
2364,48.60379518,007.79435994
2365,48.59480377,007.79475628
2366,48.59300548,007.79483552
2367,48.59120719,007.79491476
2368,48.57322424,007.79570675
2369,48.57142593,007.79578591
2370,48.56962763,007.79586506
2371,48.52466954,007.79784151
2372,48.65779673,007.79469092
2373,48.65599849,007.79477032
2374,48.63082300,007.79588117
2375,48.61104206,007.79675299
2376,48.60924378,007.79683220
2377,48.59665581,007.79738649
2378,48.59485752,007.79746565
2379,48.57147966,007.79849401
2380,48.56968135,007.79857307
2381,48.56788305,007.79865211
2382,48.56608473,007.79873115
2383,48.55349653,007.79928424
2384,48.52472321,007.80054710
2385,48.65785050,007.79740370
2386,48.65605226,007.79748300
2387,48.65425401,007.79756230
2388,48.63087673,007.79859249
2389,48.62188541,007.79898839
2390,48.62008714,007.79906755
2391,48.61109577,007.79946324
2392,48.60929749,007.79954236
2393,48.60749921,007.79962146
2394,48.56973501,007.80128108
2395,48.56793670,007.80136003
2396,48.56613839,007.80143898
2397,48.56434008,007.80151791
2398,48.67049187,007.79956184
2399,48.65610596,007.80019569
2400,48.65430771,007.80027489
2401,48.62193906,007.80169923
2402,48.60215800,007.80256852
2403,48.59496484,007.80288440
2404,48.67234375,007.80219615
2405,48.67054552,007.80227532
2406,48.66874728,007.80235448
2407,48.60400985,007.80519940
2408,48.60221156,007.80527829
2409,48.59681669,007.80551493
2410,48.67419558,007.80483066
2411,48.67239734,007.80490973
2412,48.67059910,007.80498880
2413,48.66880086,007.80506786
2414,48.66700263,007.80514692
2415,48.60046677,007.80806686
2416,48.59866848,007.80814564
2417,48.67604734,007.80746536
2418,48.67424910,007.80754434
2419,48.67245086,007.80762332
2420,48.67065262,007.80770229
2421,48.66885438,007.80778125
2422,48.66705614,007.80786021
2423,48.66525790,007.80793916
2424,48.67789903,007.81010025
2425,48.67610079,007.81017914
2426,48.67430256,007.81025803
2427,48.67250432,007.81033691
2428,48.67070608,007.81041578
2429,48.66890783,007.81049465
2430,48.66710959,007.81057351
2431,48.66531134,007.81065236
2432,48.63833749,007.81183427
2433,48.67615419,007.81289293
2434,48.67435595,007.81297172
2435,48.67255771,007.81305050
2436,48.67075946,007.81312928
2437,48.66896122,007.81320805
2438,48.67440927,007.81568542
2439,48.67261103,007.81576411
2440,48.67446253,007.81839912
2441,48.67266429,007.81847771
2442,48.65827826,007.81910615
2443,48.66192795,007.82166211
2444,48.66012970,007.82174055
2445,48.65833144,007.82181898
2446,48.65653318,007.82189741
2447,48.66377932,007.82429679
2448,48.66198107,007.82437514
2449,48.66018281,007.82445349
2450,48.65838454,007.82453182
2451,48.65658628,007.82461015
2452,48.65119148,007.82484509
2453,48.64939321,007.82492339
2454,48.66203411,007.82708818
2455,48.66023585,007.82716643
2456,48.65843758,007.82724466
2457,48.65663932,007.82732289
2458,48.65304278,007.82747933
2459,48.65124451,007.82755754
2460,48.66388535,007.82972307
2461,48.66208709,007.82980122
2462,48.66028883,007.82987937
2463,48.65849056,007.82995751
2464,48.65669229,007.83003564
2465,48.63511297,007.83097268
2466,48.63331468,007.83105072
2467,48.66573653,007.83235815
2468,48.66214000,007.83251427
2469,48.66034174,007.83259232
2470,48.65854347,007.83267036
2471,48.65674520,007.83274840
2472,48.65494693,007.83282642
2473,48.63516585,007.83368427
2474,48.66039458,007.83530527
2475,48.65859631,007.83538322
2476,48.65679804,007.83546116
2477,48.66044736,007.83801823
2478,48.65864908,007.83809608
2479,48.65685081,007.83817392
2480,48.65870180,007.84080895
2481,48.65690352,007.84088669
2482,48.65695616,007.84359946
